nonWordList1,nonWordList2,nonWordList3,nonWordList4,nonWordList5,nonWordList6,nonWordList7,nonWordList8,nonWordList9,nonWordList10,nonWordList11,nonWordList12,nonWordList13,nonWordList14,nonWordList15,nonWordList16,nonWordList17,nonWordList18
trurry,progive,munting,tian,ultion,cobon,binfa,adych,sesis,adbuse,roke,missome,bepeeth,odeful,mauly,priging,taver,spinip
hecher,slamly,leber,nampy,fonding,cootage,repill,avags,suller,mubber,mopels,dorttorm,pripa,pezen,convanged,charsette,ipard,attincts
ruggy,chanscrich,cudfure,caran,sudshy,ultion,machant,farthy,chartler,affogs,merper,hereness,einon,anful,provull,accodes,faxteen,arroche
rethoirs,myntem,sunis,spodit,unbrorm,kidbipped,helfway,crooter,bewive,coonvil,wauler,desincts,dranvis,sheckle,reband,lertle,tempy,chauling
chaths,granctul,jallep,shuming,jickou,lalfly,wamdon,afuke,toosy,malmner,murvy,esten,outwot,rerarned,widpon,hanope,flany,jopiph
cagid,soasted,welloe,cullit,recelt,surbept,tourning,shosence,woothed,lorder,reeline,prosood,sudshy,euden,virlim,muttled,descreon,cibsce
mentients,brucking,remern,engant,fark,eirogs,erler,soillime,concased,mayoring,rucal,belfing,destreged,liby,divafes,tearer,wiont,assart
ospor,tupple,clade,wednesdip,menny,huet,donene,prosade,leened,liber,jadel,leyete,grinis,feemish,comrert,fithen,vimpind,rememns
jubbed,seap,dist,pung,pucts,moxed,tain,kimp,eafs,aire,rok,rabs,lauled,jeace,throrn,pibs,screep,claud
maric,miccess,rescets,greard,rugin,rala,cistral,cheelder,tasels,tiver,qany,ampits,ashedge,nightlire,yourlolves,gurten,denant,dewedes